{"session_files":[{"original_path":"Alternatives\/000\/ProjectData","current_path":"Alternatives\/000\/ProjectData","current_revision_id":"C77B564D-E3CC-4A4D-B3FB-7C54596B74F8","last_uploaded_hash":"d2e109909e06486725750fafacf7ad91c138c4b9fc891f27e964000ed673e9e3","previous_revision_id":"C167CB2A-5829-4093-896C-F414B076DED5"},{"original_path":"Alternatives\/000\/MetaData.plist","current_path":"Alternatives\/000\/MetaData.plist","current_revision_id":"E4C9C4B3-3A09-4679-BECC-A9FC0F45DFF3","last_uploaded_hash":"8b4ef302a8ef92acbb1b5d4c49af5d080191e1da10152cd2d4e0e545ce938224","previous_revision_id":"0CE83BD3-C5FF-4571-A5CC-C55343ACD3A3"}],"original_path":"Alicia Keys - In Common.logicx","creator_name":"imamusicmogul","project_uuid":"E9EFD0E8-A62E-47C2-9C90-9C9B162E4A90","creator_id":169101,"version":"1.0"}